{
  "aha-mont64" : 3673.3370625,
  "crc32" : 1740.2925,
  "depthconv" : 6100.0016875,
  "edn" : 3922.3981875,
  "huffbench" : 3424.4240625,
  "matmult-int" : 4287.7089375,
  "md5sum" : 2262.97525,
  "nettle-aes" : 4229.474875,
  "nettle-sha256" : 2855.7028125,
  "nsichneu" : 4000.752375,
  "picojpeg" : 4708.67725,
  "qrduino" : 3212.718,
  "sglib-combined" : 3785.6345625,
  "slre" : 3690.5029375,
  "statemate" : 618.6655,
  "tarfind" : 927.563,
  "ud" : 3294.46475,
  "wikisort" : 669.9026875,
  "xgboost" : 1323.697625
}
